{
  "project_info": {
    "project_number": "29543946374",
    "project_id": "asm-and103-2cb7b",
    "storage_bucket": "asm-and103-2cb7b.appspot.com"
  },
  "client": [
    {
      "client_info": {
        "mobilesdk_app_id": "1:29543946374:android:7807ddfecfb17ad85d9907",
        "android_client_info": {
          "package_name": "com.example.asm_and103_ph45538"
        }
      },
      "oauth_client": [],
      "api_key": [
        {
          "current_key": "AIzaSyA72Ess2ZMjfFFQjzYUCJyYMh6C8GrYWL8"
        }
      ],
      "services": {
        "appinvite_service": {
          "other_platform_oauth_client": []
        }
      }
    }
  ],
  "configuration_version": "1"
}